Name,Frequency
inventory management,484
data analysis,318
microsoft office,260
driver's license,258
cash handling,254
data entry,210
vehicle registration,193
mileage reimbursement,187
excel,168
point of sale,140
cpr,122
time management,103
computer skills,103
food safety,102
scheduling,90
bls,87
first aid,86
lesson planning,83
sql,82
coaching,75
microsoft excel,74
nursing,74
forklift operation,71
inventory,70
medication administration,67
data collection,66
sales,65
inventory control,64
cleaning,64
medication,63
cna,63
project management,62
hvac,57
sanitation,56
product knowledge,55
python,55
crm,54
budgeting,52
emr,51
acls,48
cdl,48
computer,48
medical terminology,47
plumbing,47
mail sorting,47
salesforce,46
supervision,44
accounting,43
classroom management,43
gps navigation,43
insurance,43
rn,42
customer service,42
electrical,42
assessment,41
bcba,40
microsoft word,40
electronic health records,39
phlebotomy,39
curriculum development,38
maintenance,37
package delivery,37
financial analysis,37
carpentry,36
documentation,35
warehouse management,35
aba,35
merchandising,35
electronic medical records,35
sap,34
certification,33
ms office,32
epic,32
ehr,31
vehicle maintenance,31
food preparation,31
lifting,31
medical coding,29
database management,29
machining,29
case management,29
bsn,29
medical records,29
hipaa,29
package lifting,28
special education,27
child development,27
pos systems,27
training,26
vacuuming,26
basic life support,26
medication management,26
word,26
erp,26
pickleball,25
package handling,25
laundry,25
microsoft,25
forklift,24
data structures,24
powerpoint,24
outlook,24
dishwashing,23
ekg,23
equipment maintenance,23
equipment operation,23
lpn,23
insurance verification,22
early childhood education,22
medical billing,22
osha,22
curriculum,22
leadership,22
marketing,22
windows,21
painting,21
housekeeping,21
pharmacy,21
transportation,21
manufacturing,21
cpr certification,20
pos,20
vital signs,20
quality control,20
commission,20
microsoft office suite,20
compliance,19
pos system,19
aws,19
tennis,19
pharmacology,18
sales strategy,18
route navigation,18
driving,18
personal care,17
instruction,17
retail management,17
curriculum design,17
material handling,16
machine operation,16
database,16
autocad,16
registered nurse,16
retail operations,16
packaging,16
retail sales,15
typing,15
pharmacy systems,15
reporting,15
treatment planning,15
fingerprinting,15
background check,15
retail,15
oracle,15
payroll,15
crisis intervention,15
microsoft 365,14
tb test,14
troubleshooting,14
bls certification,14
welding,14
retail technology,14
cashiering,14
store operations,14
point-of-sale,14
power tools,14
sales analysis,14
infection control,14
ecg,14
meat cutting,14
quickbooks,14
food service,14
navigation,14
cash register,14
ms word,13
risk management,13
security,13
underwriting,13
machine learning,13
smartphone,13
401k,13
sharepoint,13
disinfecting,13
calibration,13
data management,13
gis,13
nurse practitioner,13
physical therapy,13
logistics,13
hha,13
ms excel,12
truck operation,12
ultrasound,12
assembly,12
hris,12
automotive,12
travel nursing,12
applied behavior analysis,12
route planning,12
cash registers,12
cad,12
meat slicers,12
chemical handling,12
nursing process,12
dsp,12
sanitizing,12
vehicle insurance,12
rn license,12
telehealth,12
agile,12
event planning,12
scanning,11
venipuncture,11
budget management,11
mobile app,11
ovens,11
pals,11
instructional design,11
installation services,11
gaap,11
surveillance,11
computer systems,11
medicaid,11
bartending,11
servsafe,11
vaccination,11
sdlc,11
baking,11
construction management,11
licensure,11
google workspace,11
financial management,11
pca,11
word processing,11
wireless,11
aed,10
menu knowledge,10
medical,10
mylab,10
basketball,10
arithmetic,10
crisis management,10
strategic planning,10
vehicle inspection,10
data analytics,10
safety protocols,10
wound care,10
laboratory,10
coding,10
analytics,10
janitorial,10
food handling,10
banking,10
electronic medical record,10
credit card processing,10
banking software,10
childcare,10
gps,10
pest control,9
behavior analysis,9
cnc machining,9
stocking,9
visual merchandising,9
property management,9
telemetry,9
valid driver's license,9
bookkeeping,9
power bi,9
diagnostic,9
tennis coaching,9
pallet jack operation,9
lift operations,9
osha compliance,9
supply chain,9
temperature control,9
soccer,9
prescription processing,9
electronic documentation,9
basic computer,9
counseling,9
mopping,9
program development,9
psychology,9
inspection,9
ehrs,9
google suite,9
social work,9
negotiation,9
spreadsheet,9
teaching,9
soldering,9
computer operations,8
mathematics,8
life insurance,8
crm software,8
fingerprint check,8
research,8
meal preparation,8
data,8
usps regulations,8
loan origination,8
route optimization,8
tableau,8
rf scanning,8
program management,8
power equipment,8
nutrition,8
bachelor's degree,8
licensing,8
iv therapy,8
auditing,8
sales metrics,8
coffee preparation,8
rn licensure,8
refrigeration,8
patient care,8
pricing,8
acls/pals,8
ase certification,8
mechanical,8
engine repair,8
osha 10,8
erp systems,8
master's degree,8
electronic health record,8
specimen collection,8
basic math,8
emergency response,7
electrical systems,7
x-ray,7
bci check,7
sanitation procedures,7
warehouse,7
regulations,7
solidworks,7
barcode scanning,7
access control,7
financial modeling,7
bcls,7
equipment,7
procurement,7
diagnostic tests,7
pharmacy technician,7
grooming,7
physical exam,7
regulatory compliance,7
digital marketing,7
cpr training,7
credit analysis,7
medical assistant,7
dot physical,7
nicet,7
diagnostic tools,7
disinfection,7
electrical engineering,7
hazmat,7
cpr/aed,7
calipers,7
management,7
safety,7
order entry,7
vehicle operation,7
algebra,7
heavy equipment operation,7
microscopy,7
web development,7
plcs,7
document management,7
restaurant management,7
laptop computer,7
inventory tracking,7
math skills,7
blueprint reading,7
patient assessment,7
medical licensure,7
measurement,7
cctv,7
root cause analysis,7
calendar management,7
instrumentation,7
sterilization,7
pss,7
risk assessment,7
nmls,7
route management,7
grant management,7
record keeping,7
billing,7
labor laws,6
radiology,6
data reporting,6
hotel management,6
machinery operation,6
basic arithmetic,6
etext,6
mastering,6
itil,6
front desk,6
registered nursing,6
radiologic technology,6
music education,6
haccp,6
seo,6
contract negotiation,6
veterinary,6
office applications,6
engineering,6
cnc,6
mental health,6
passport,6
lms,6
receiving,6
gmp,6
elementary education,6
financial planning,6
math,6
warehouse operations,6
spreadsheets,6
spanish,6
cmms,6
eld,6
labeling,6
territory management,6
nurse aide,6
financial transactions,6
anesthesia,6
pallet jack,6
automotive repair,6
cnc programming,6
market research,6
data science,6
pharmacy operations,6
clinical trials,6
reservation system,6
weighing,6
coordination,6
fire alarm,6
invoicing,6
prescription,6
tinting,6
bakery,6
therapy,6
lcsw,6
mixology,6
barista,6
food handlers,6
mixers,6
electronic records,6
trimming,6
clinical supervision,6
ai,6
email,6
sewing,6
annuities,6
mixing,6
plc programming,6
financial reporting,5
laboratory testing,5
microsoft suite,5
delivery,5
banking systems,5
chainsaw operation,5
education,5
snow removal,5
marketing strategy,5
veterinary medicine,5
floor cleaning,5
slicers,5
food scales,5
radiography,5
emt,5
iep,5
english,5
project scheduling,5
google ads,5
recruitment,5
tncc,5
mechanical knowledge,5
truck maintenance,5
javascript,5
c++,5
hubspot,5
epidemiology,5
specimen,5
pallet jacks,5
automobile insurance,5
supply chain management,5
fryers,5
scheduling software,5
ipad,5
healthcare,5
communication,5
sales analytics,5
youth development,5
grinding,5
security patrol,5
computer programs,5
dot,5
catheterization,5
,5
medical assisting,5
sales techniques,5
equipment management,5
cash control,5
product development,5
dispatch,5
finance,5
passport duties,5
data sciences,5
dialysis,5
hemodialysis,5
light housekeeping,5
lessons,5
litigation,5
clinical documentation,5
administration,5
sales management,5
injection molding,5
401(k),5
benefits administration,5
technology,5
forecasting,5
floor care,5
critical care,5
dvm,5
scada,5
oven operation,5
canvas,5
microsoft outlook,5
installation,5
google,5
esl,5
powerschool,5
geometry,5
cgmp,5
metrology,5
meditech,5
cad/cam,5
transportation management,5
patrol,5
hazwoper,5
server,5
ironing,5
folding,5
electronics,5
pizza making,5
truck driving,5
therap,5
loss prevention,5
cashier,5
animal care,5
electronic health,4
construction,4
narcan,4
micros pos,4
faxing,4
reading,4
skiing,4
real estate,4
cerner,4
trauma-informed care,4
pms,4
cctv monitoring,4
labor management,4
sanitation standards,4
tutoring,4
home care,4
banner,4
cash register operation,4
fire suppression,4
automotive parts,4
iv placement,4
drilling,4
test administration,4
traffic control,4
process improvement,4
dispatching,4
software,4
forklifts,4
mechanical systems,4
clinical experience,4
apple devices,4
skincare,4
cooking,4
carpet cleaning,4
warranty administration,4
ats,4
fine dining,4
cataloging,4
nurse aide registry,4
surgery,4
vendor management,4
adn,4
first aid certification,4
espresso,4
wireless technology,4
cad design,4
mechanical repair,4
tcp/ip,4
real estate law,4
quality,4
safety procedures,4
behavior intervention,4
diagnostics,4
literacy,4
vaccination administration,4
epic certification,4
project,4
networking,4
access,4
academic support,4
basic nursing assistant,4
electronic systems,4
iv insertion,4
icd-10,4
epic build,4
estimating,4
jira,4
bone densitometry,4
woodworking,4
computed tomography,4
horticulture,4
truck navigation,4
cad software,4
lift heavy,4
microsoft office 365,4
sales process,4
nfpa,4
certified nursing assistant,4
box cutter use,4
piano,4
soccer coaching,4
kitchen equipment operation,4
operations,4
music theory,4
freight,4
measuring,4
sweeping,4
series 7,4
problem solving,4
appointment scheduling,4
store systems,4
aloha pos,4
interpretation,4
validation,4
cpi certification,4
point of sale systems,4
vascular,4
clinical,4
mics,4
clinical license,4
tennis instruction,4
disability exams,4
dial indicators,4
lmft,4
hydraulic presses,4
microbiology,4
computer operation,4
computer literacy,4
trade skills,4
mortgage licensing,4
r,4
loans,4
hospice,4
nfpa codes,4
landscaping,4
video editing,4
computer proficiency,4
territory,4
charting,4
order fulfillment,4
dish washing,4
framing,4
nutrition planning,4
patient registration,4
content creation,4
order management,4
lna,4
accounting software,4
digital radiography,4
anatomy,4
mechanical engineering,4
box truck operation,4
physiology,4
sports management,4
microsoft teams,4
it,4
financial knowledge,4
retail math,4
mechanical aptitude,4
fleet management,4
occupational therapy,4
scripting,4
malpractice insurance,4
pss certification,4
medical software,4
esd equipment operation,4
security clearance,4
notary license,4
materials science,4
transaction processing,4
chemical cleaners,4
coffee brewing,4
trucking,4
brake lathe,3
child safety,3
bls cpr,3
emt certification,3
keyboarding,3
teamwork,3
slicing,3
epoxy,3
cbt,3
video analysis,3
nursing license,3
social media management,3
clinical management,3
ceus,3
bcba certification,3
stock management,3
surveillance systems,3
cosmetic sales,3
classroom,3
google docs,3
custodial,3
arcgis,3
behavioral health,3
mat,3
oncology,3
civil engineering,3
contracting,3
azure,3
floor sets,3
recipe,3
bci,3
scheduling systems,3
mail opening machine,3
meal prep,3
precision measuring,3
database software,3
linen,3
medication reminders,3
home health,3
contract management,3
fundraising,3
atm,3
lacrosse,3
equipment setup,3
dishwasher operation,3
equipment inspection,3
fiber optics,3
lift assist,3
vehicle,3
group facilitation,3
community outreach,3
clippers,3
immunization,3
meat processing,3
emr systems,3
meat slicer,3
pilates,3
biometric screening,3
diagnostic skills,3
computer knowledge,3
cloud infrastructure,3
system maintenance,3
epic inpatient orders,3
as400,3
data integrity,3
etl,3
janitor,3
nfhs fundamentals,3
patient monitoring,3
programming,3
digital tools,3
insurance knowledge,3
microtome,3
epic bi,3
pbis,3
evms,3
shop tools,3
teaching strategies,3
yardi,3
pickleball coaching,3
applied behavior,3
kitchen operations,3
polymer development,3
or,3
x-ray certification,3
high school diploma,3
cctv systems,3
quality assurance,3
operating room,3
oasis,3
operations management,3
machine maintenance,3
itar,3
adobe creative cloud,3
iso,3
benefits,3
ieps,3
manual transmission,3
generative ai,3
calculus,3
databricks,3
clinical protocols,3
performance evaluation,3
computer software,3
tb clearance,3
adp,3
adobe,3
food prep,3
security systems,3
report writing,3
multimeters,3
budget planning,3
nursing care,3
electronic medical,3
food service management,3
iv certification,3
computers,3
hydraulic,3
cosmetology,3
electronic diagnostic,3
iv,3
3d printing,3
msds,3
basic computer skills,3
retail pos,3
assistive technology,3
athenahealth,3
treatment plans,3
ga4,3
mileage,3
shipping,3
fax,3
restaurant operations,3
physical labor,3
etexts,3
procore,3
safe registration,3
climbing,3
kitchen equipment,3
physical management,3
zoom,3
healthcare management,3
product substitution,3
defensive driving,3
endoscopy,3
cost management,3
general ledger,3
lab equipment,3
insurance claims,3
authorization,3
computerized scheduling,3
building codes,3
safe,3
payroll processing,3
network troubleshooting,3
presentation,3
ms project,3
wheelchair operation,3
nursing degree,3
hmis,3
bilingual,3
biology,3
diagnostic equipment,3
vehicle inspections,3
ase,3
vfd,3
floor maintenance,3
accounts receivable,3
policy,3
animal handling,3
radio operation,3
geotechnical,3
servicenow,3
safety training,3
pos operation,3
westlaw,3
toast,3
sonography,3
toast pos,3
verizon,3
prescription filling,3
digital scanning,3
food knowledge,3
sccm,3
six sigma,3
computerized,3
lean,3
as9100,3
incident reporting,3
cabinetry,3
table setting,3
roofing,3
grant writing,3
service,3
usp 797,3
office software,3
detailing,3
box cutters,3
salt application,3
automobile,3
learning management,3
mrp,3
english language,3
tms,3
linux,3
scrum,3
analysis,3
crane operation,3
java,3
masonry,3
inventory systems,3
microsoft windows,3
quality improvement,3
printer,3
sandblasting,3
series 63,3
freight management,3
cda,3
calculator,3
behavioral interventions,3
early education,3
agile methodologies,3
background checks,3
statistical modeling,3
telemedicine,3
iep implementation,3
woodchipper operation,3
translation,3
charge pay,3
labor delivery,3
forklift certification,3
visual inspection,3
rigging,3
infectioncontrol,3
food safety protocols,3
rental management,3
health insurance,3
calculations,3
digital advertising,3
analytical skills,3
palliative care,3
staffing,3
hand tools,3
display building,3
cloud computing,3
geriatrics,3
ladc,3
firearms,3
wiring,3
product management,3
boiler operation,3
nursing assessment,3
active directory,3
ai/ml,3
ski instruction,3
claims management,3
drywall,3
fabrication,3
iso 9001,3
robotics,3
software development,3
primary care,3
revenue cycle,3
routing,3
kitchen machinery,3
guitar,3
direct support,3
route delivery,3
staining,3
banking regulations,3
testing,3
product quality,3
laundry equipment operation,3
retail software,3
adobe suite,3
vital signs monitoring,3
mri,3
medication prescription,3
xray,3
aama certification,3
clinical technology,3
adls,3
precision measurement,3
pharmacy software,3
utensils,3
hipaa regulations,3
intravenous therapy,3
montessori,3
dish machine operation,3
cpr/first aid,3
3d cad,2
guest services,2
audit planning,2
practice management,2
pcb assembly,2
configuration management,2
nfpa 72,2
np,2
ansys,2
vfd management,2
dea,2
python programming,2
cleaning protocols,2
waxing,2
electronic billing,2
esthetics,2
behavioral analysis,2
cardiac life support,2
oracle erp,2
statistical analysis,2
police,2
biotech,2
ibm cash register,2
iv administration,2
fragrances,2
dashboards,2
sales forecasting,2
computer hardware,2
computer system,2
store management,2
medical protocols,2
substance use,2
cafe management,2
adobe photoshop,2
plc ladder diagrams,2
trimmers,2
emr/ehr,2
nihss,2
factory standards,2
electrical troubleshooting,2
windows server,2
home health aide,2
sanding,2
registered behavior technician,2
vauto,2
epidural anesthesia,2
dental terminology,2
pos transactions,2
engines,2
ltc/snf,2
pallet,2
dsp certification,2
computerized systems,2
phone answering,2
metal fabrication,2
clu,2
microsoft powerpoint,2
fulfillment,2
buffers,2
payment processing,2
orthodontic,2
patient management,2
outdoor work,2
signage,2
digital photography,2
meatcutting,2
acute care,2
certifications,2
seafoodhandling,2
criminal justice,2
orientation,2
inventorymanagement,2
quality management,2
sip,2
ph,2
keyboard,2
motor vehicle license,2
telephones,2
cash controls,2
firstaid,2
infant care,2
enterprise architecture,2
snowboarding,2
data input,2
cloud architecture,2
claims processing,2
measuring devices,2
paralegal,2
weekly planograms,2
cardiac telemetry,2
project planning,2
signage standards,2
electronic file management,2
print equipment operation,2
anatomy physiology,2
office,2
document editing,2
records organization,2
structural welding,2
chemotherapy administration,2
pc skills,2
dental assisting,2
cardiac monitoring,2
cost control,2
mandt training,2
computer vision,2
pytorch,2
pharmaceutical,2
map policies,2
evv,2
snow plow operation,2
credit underwriting,2
commercial banking,2
power tool operation,2
gd&t,2
petco grooming,2
ri homemaker certificate,2
dental x-rays,2
nursing standards,2
naeyc standards,2
aras plm,2
adobe framemaker,2
html,2
cip,2
idexx,2
canva,2
adobe acrobat,2
trauma-informed,2
pyspark,2
office equipment,2
clinical skills,2
automation,2
cheesecake,2
powershell,2
elisa,2
motivational interviewing,2
passport processing,2
financial,2
finra,2
fire extinguisher,2
here are 3 relevant hard skills in a simple comma-separated list:,2
health codes,2
automated equipment,2
public health,2
dental management,2
business systems,2
menu management,2
edm,2
sorting,2
fuel management,2
chemical,2
loan originator,2
annuity,2
freight processing,2
behavioral evaluation,2
iphone,2
setting,2
investment operations,2
wrapping,2
ct certification,2
grammar,2
design knowledge,2
investigation,2
g-code programming,2
medical office experience,2
electricity,2
staff training,2
specimen processing,2
lmsw,2
graphic design,2
mobile sales,2
lcpc,2
x-ray technology,2
dental radiology,2
medical device,2
ms outlook,2
arbor presses,2
commercial license,2
substitute,2
contract law,2
gmps,2
behavior management,2
transition planning,2
social media platforms,2
knife skills,2
buprenorphine,2
point of sale (pos),2
hutlink,2
sales software,2
gerontology,2
git,2
android,2
acrylics,2
ambulation,2
statistics,2
cima,2
personal support specialist,2
produce handling,2
nursing assessments,2
service coordination,2
google meet,2
psychiatric care,2
merchandising standards,2
computer expertise,2
athletics,2
ma rn license,2
residential medication aide,2
nfhs,2
pos operations,2
blood draws,2
sports instruction,2
baseball,2
bcls certification,2
player development,2
surgical technologist,2
us gaap,2
gaas,2
medical equipment,2
emr software,2
stock rotation,2
vermont teaching license,2
vermont educator license,2
clinical assessment,2
constant contact,2
custom spa software,2
swimming,2
softball,2
volleyball,2
golf instruction,2
fundamentals,2
dot medical card,2
task analysis,2
automotive diagnostics,2
package tracking,2
polishing,2
aac devices,2
nfhs certification,2
litigation management,2
visio,2
coaching experience,2
cloud,2
editing,2
development,2
groovy scripting,2
travel,2
here are 3 hard skills in a simple comma-separated list:,2
oracle epm,2
genesys,2
sql server,2
logistics coordination,2
therapeutic crisis intervention,2
asana,2
vt orientation,2
email management,2
mtss,2
physician assistant,2
customer follow-up,2
medical knowledge,2
recipe modification,2
confidentiality,2
pipe inspection,2
project coordination,2
cisco,2
performance reporting,2
sei,2
dod clearance,2
budget control,2
apics,2
product selection,2
cash register operations,2
dese certification,2
counter tops,2
special ed,2
human resource,2
2020 software,2
tissue processor,2
educational technology,2
quality systems,2
drill presses,2
milling,2
here are 3 relevant hard skills in a simple comma-separated list with each skill being 1-2 words:,2
cpi training,2
policy development,2
nursing assistant,2
turbo chef,2
lean manufacturing,2
embedding,2
phone etiquette,2
rbt,2
chemical safety,2
training programs,2
master's,2
sales experience,2
tanker endorsement,2
change management,2
mobile device,2
special needs,2
msn,2
insulation installation,2
basic nursing,2
customer care,2
massachusetts teaching license,2
dnp,2
compressors,2
assistive technologies,2
sterile compounding,2
computer-aided design,2
3d modeling,2
chemical analysis,2
liquor service,2
point of sales,2
propane certification,2
u,2
home health care,2
adobe creative,2
pharmacy technology,2
teaching license,2
parts lookup,2
supply management,2
van operation,2
testing equipment,2
e-commerce,2
firetrace,2
vesda,2
loan structuring,2
compensation design,2
fire alarm systems,2
workforce planning,2
de-escalation,2
life skills,2
retail experience,2
point-of-sale systems,2
autocad civil 3d,2
pricing analysis,2
educational software,2
video surveillance,2
openroads designer,2
bridge design,2
cobit,2
print production,2
curriculum planning,2
organizational design,2
reservation management,2
apis,2
map reading,2
family medicine,2
ice resurfacing,2
early childhood,2
t,2
cnc milling,2
chromatography,2
spark testing,2
lab testing,2
computer technology,2
health department regulations,2
organizational skills,2
extruder operation,2
blood sampling,2
laboratory information systems,2
specimen handling,2
structural engineering,2
data tracking,2
blending,2
systems knowledge,2
budget development,2
insurance licenses,2
equipment repair,2
blending operations,2
personal support,2
lna license,2
medical office software,2
safety compliance,2
cardiology,2
stockroom operations,2
vaccine administration,2
automotive software,2
real estate license,2
motor vehicle report,2
rf applications,2
organization,2
payroll management,2
materials management,2
sales crm,2
travel planning,2
ladder safety,2
zendesk,2
typing skills,2
liability insurance,2
hotel operations,2
retail banking,2
substance use disorder,2
cdl-a,2
computer applications,2
email application,2
supply chain and financial software,2
human capital,2
ms teams,2
tb,2
latte art,2
sage estimating,2
excel skills,2
production,2
injection administration,2
class a cdl,2
dot regulations,2
ardms,2
branding,2
ehr systems,2
machinery,2
fire safety,2
mortgage,2
rdsolutions,2
excavator operation,2
product checking,2
industrial equipment,2
team management,2
dog training,2
scanner,2
product rotation,2
medication certification,2
firewall management,2
malpractice,2
mainecare policy,2
laboratory equipment,2
public speaking,2
accounts payable,2
cleaning products,2
medical laboratory,2
wordpress,2
aircraft maintenance,2
dish machine,2
basic accounting,2
laser technology,2
credit card authorization machine,2
heavy equipment,2
culinary,2
calendar,2
operating systems,2
order processing,2
grocery management,2
dental software,2
programmatic,2
register,2
computer science,2
mergers acquisitions,2
incident response,2
securities law,2
electric pallet jack,2
tax,2
labview,2
water treatment,2
emergency equipment,2
patrol operations,2
mysql,2
financial systems,2
triage,2
paint mixing,2
clinical reporting,2
tips certification,2
adobe creative suite,2
video production,2
loan underwriting,2
cpr/aed certification,2
telecom,2
data governance,2
rehabilitation,2
retail merchandising,2
switchboard,2
intraoral imaging,2
lpc,2
pcb,2
human services,2
barista equipment,2
siemens,2
hipaa compliance,2
collections,2
g-code,2
health assessments,2
shrm,2
rating,2
account management,2
social media,2
financial literacy,2
revit,2
immunology,2
pharmaceutical sales,2
basic cardiac life support,2
substitute teaching,2
network support,2
doubles/triples endorsement,2
demographic data entry,2
agency management,2
credit reporting,2
social media marketing,2
civil 3d,2
navigation systems,2
videography,2
sales presentations,2
systems,2
charge entry,2
hvac maintenance,2
pacs,2
utilization,2
minitab,2
merchandise management,2
emt-b,2
aircraft,2
recreation,2
shelf replenishment,2
pastry,2
cake decorating,2
receiving freight,2
membership management,2
loan processing,2
prescribing,2
windows operating system,2
menu planning,2
dot guidelines,2
ride certification,2
arts,2
fueling,2
clinical guidelines,2
xml,2
distribution,2
load boards,2
freight handling,2
dentistry,2
adobe creative cloud suite,2
imaging,2
automatic transmission,2
factory training,2
diesel repair,2
point of care,2
irrigation,2
nursing leadership,2
coffee,2
10-key,2
product training,2
industrial cleaning,2
parts management,2
flooring,2
attendance tracking,2
service management,2
pc applications,2
eclinicalworks,2
preventative maintenance,2
prescribing medications,2
automated fertigation,2
ct,2
snow blower,2
loss control,2
spreadsheet software,2
earned value management,2
cell culture,2
ptcb certification,2
fiberglass,2
automotive mechanics,2
cpi,2
sketchup,2
point of service,2
alarm systems,2
resource management,2
learning management systems,2
planning,2
evaluation,2
medical scheduling,2
centricity,2
curriculum mapping,2
behavioral,2
conflict resolution,2
or nursing,2
order picking,2
food handling/safety certification,2
sanitation guidelines,2
axiom,2
cold saw equipment,2
primavera,2
certified nursing,2
erp system,2
floor scrubbing,2
fiber optic,2
reconciliation,2
bluebeam,2
truck loading,2
microsoft products,2
electronic health record (ehr),2
truck operations,2
certified,2
caams,2
arf,2
money handling,2
digital expertise,2
ct scan,2
visual standards,2
order taking,2
food handlers permit,2
mixer operation,2
phone,2
medication supervision,2
tanker,2
accurate documentation,2
delphi,2
power point,2
cleaning supplies,2
autodesk,2
p&l,2
oscilloscopes,2
crma,2
building maintenance,2
order creation,2
icu,2
serving,2
collections management,2
scaffolding,2
acls certification,2
hydraulic systems,2
medical documentation,2
safety care,2
cobol,2
parts knowledge,2
talent management,2
bilingualism,2
cpt coding,2
team leadership,2
medical diagnosis,2
planogram,2
reservation processing,2
data expertise,2
study skills,2
sat/act prep,2
concrete polishing,2
home repair,2
financial skills,2
mold maintenance,2
ams,2
microsoft software,2
ptcb,2
psychotherapy,2
electrical schematics,2
advanced practice,2
hazardous materials,2
picu,2
servsafe certification,2
regulatory affairs,2
microsoft project,2
tooling,2
problem-solving,2
poc,2
financial technology,2
banking solutions,2
ppe,2
collision repair,2
weight lifting,2
tree trimming,2
supervised experience,2
edi,2
microsoft office products,2
daily notes,2
patient safety,2
powerbi,2
dsw,2
serve safe certification,2
food handler,2
lineman,2
reformer,2
barre,2
yoga,2
makeup application,2
motor vehicle record,2
scales,2
oil change,2
arrt,2
anodizing,2
tablet,2
radiation,2
substance abuse,2
osha standards,2
microtomy,2
registered dietitian,2
blueprint interpretation,2
computer analysis,2
patient documentation,2
pediatric medication,2
vital sign monitoring,2
cluster routing,2
arrhythmia,2
practice management system,2
multitasking,2
hotel software,2
continuing education,2
histology,2
wine knowledge,2
mhrt-c,2
manejo,2
pmt,2
display,2
google analytics,2
electronic repair,2
electronic,2
linen management,2
dot certification,2
program evaluation,2
crisis response,2
cfp,2
automotive knowledge,2
workday,2
fiber optic splicing,2
